airport_origin,avg_delay,total_flights,pct_late
ATL,55.14678899082569,109,0.981651376146789
DFW,55.582417582417584,91,1.0
JFK,57.08247422680412,97,0.9896907216494846
LAX,59.223214285714285,112,1.0
ORD,64.67032967032966,91,1.0
