airport_origin,avg_delay,total_flights,pct_late
ATL,61.08181818181818,110,0.9818181818181818
DFW,64.24705882352941,85,0.9764705882352941
JFK,63.780701754385966,114,0.9824561403508771
LAX,61.64835164835165,91,0.978021978021978
ORD,54.72,100,0.98
